--------------------------------------------------------
--  DDL for Table BOARD
--------------------------------------------------------

  CREATE TABLE "RENT"."BOARD" 
   (	"BNO" NUMBER, 
	"TITLE" VARCHAR2(200 BYTE), 
	"WRITER" VARCHAR2(30 BYTE), 
	"REGDATE" DATE DEFAULT sysdate, 
	"VIEWCNT" NUMBER DEFAULT 0, 
	"SHOW" CHAR(1 BYTE) DEFAULT 'Y', 
	"CONTENT" VARCHAR2(3000 BYTE) DEFAULT '내용을 입력해 주세요'
   ) SEGMENT CREATION IMMEDIATE 
  PCTFREE 10 PCTUSED 40 INITRANS 1 MAXTRANS 255 NOCOMPRESS LOGGING
  STORAGE(INITIAL 65536 NEXT 1048576 MINEXTENTS 1 MAXEXTENTS 2147483645
  PCTINCREASE 0 FREELISTS 1 FREELIST GROUPS 1 BUFFER_POOL DEFAULT FLASH_CACHE DEFAULT CELL_FLASH_CACHE DEFAULT)
  TABLESPACE "USERS" ;

   COMMENT ON COLUMN "RENT"."BOARD"."BNO" IS '글번호';
   COMMENT ON COLUMN "RENT"."BOARD"."TITLE" IS '글제목';
   COMMENT ON COLUMN "RENT"."BOARD"."CONTENT" IS '글내용';   
   COMMENT ON COLUMN "RENT"."BOARD"."WRITER" IS '작성자ID';
   COMMENT ON COLUMN "RENT"."BOARD"."REGDATE" IS '작성날짜';
   COMMENT ON COLUMN "RENT"."BOARD"."VIEWCNT" IS '조회수';
   COMMENT ON COLUMN "RENT"."BOARD"."SHOW" IS '노출여부';
REM INSERTING into RENT.BOARD
SET DEFINE OFF;
Insert into RENT.BOARD (BNO,TITLE,WRITER,REGDATE,VIEWCNT,SHOW,CONTENT) values (1,'안녕하세요 oneteam렌터카 입니다.','oneteam',to_date('2022/09/22','RRRR/MM/DD'),14,'Y','안녕하세요');
Insert into RENT.BOARD (BNO,TITLE,WRITER,REGDATE,VIEWCNT,SHOW,CONTENT) values (41,' 대여 자격(나이) 기준','oneteam',to_date('2022/10/11','RRRR/MM/DD'),4,'Y','면허 소지자 누구나 가능');
--------------------------------------------------------
--  DDL for Index BOARD_PK
--------------------------------------------------------

  CREATE UNIQUE INDEX "RENT"."BOARD_PK" ON "RENT"."BOARD" ("BNO") 
  PCTFREE 10 INITRANS 2 MAXTRANS 255 COMPUTE STATISTICS 
  STORAGE( INITIAL 65536 NEXT 1048576 MINEXTENTS 1 MAXEXTENTS 2147483645
  PCTINCREASE 0 BUFFER_POOL DEFAULT FLASH_CACHE DEFAULT CELL_FLASH_CACHE DEFAULT)
  TABLESPACE "USERS" ;
  ALTER INDEX "RENT"."BOARD_PK"  UNUSABLE;
--------------------------------------------------------
--  Constraints for Table BOARD
--------------------------------------------------------

  ALTER TABLE "RENT"."BOARD" MODIFY ("CONTENT" NOT NULL ENABLE);
  ALTER TABLE "RENT"."BOARD" MODIFY ("SHOW" NOT NULL ENABLE);
  ALTER TABLE "RENT"."BOARD" MODIFY ("VIEWCNT" NOT NULL ENABLE);
  ALTER TABLE "RENT"."BOARD" MODIFY ("REGDATE" NOT NULL ENABLE);
  ALTER TABLE "RENT"."BOARD" MODIFY ("BNO" NOT NULL ENABLE);
  ALTER TABLE "RENT"."BOARD" MODIFY ("TITLE" NOT NULL ENABLE);
  ALTER TABLE "RENT"."BOARD" MODIFY ("WRITER" NOT NULL ENABLE);
  ALTER TABLE "RENT"."BOARD" ADD CONSTRAINT "BOARD_PK" PRIMARY KEY ("BNO")
  USING INDEX PCTFREE 10 INITRANS 2 MAXTRANS 255 COMPUTE STATISTICS 
  STORAGE( INITIAL 65536 NEXT 1048576 MINEXTENTS 1 MAXEXTENTS 2147483645
  PCTINCREASE 0 BUFFER_POOL DEFAULT FLASH_CACHE DEFAULT CELL_FLASH_CACHE DEFAULT)
  TABLESPACE "USERS" 
  ALTER INDEX "RENT"."BOARD_PK"  UNUSABLE; ENABLE;


--------------------------------------------------------
--  DDL for Table BT
--------------------------------------------------------

  CREATE TABLE "RENT"."BT" 
   (	"BT_CODE" VARCHAR2(20 BYTE), 
	"BT_PRICE" VARCHAR2(50 BYTE) DEFAULT 0, 
	"BT_NAME" VARCHAR2(20 BYTE)
   ) SEGMENT CREATION IMMEDIATE 
  PCTFREE 10 PCTUSED 40 INITRANS 1 MAXTRANS 255 NOCOMPRESS LOGGING
  STORAGE(INITIAL 65536 NEXT 1048576 MINEXTENTS 1 MAXEXTENTS 2147483645
  PCTINCREASE 0 FREELISTS 1 FREELIST GROUPS 1 BUFFER_POOL DEFAULT FLASH_CACHE DEFAULT CELL_FLASH_CACHE DEFAULT)
  TABLESPACE "USERS" ;
REM INSERTING into RENT.BT
SET DEFINE OFF;
Insert into RENT.BT (BT_CODE,BT_PRICE,BT_NAME) values ('ac','70000','완전자차');
Insert into RENT.BT (BT_CODE,BT_PRICE,BT_NAME) values ('no1','50000','일반자차1');
Insert into RENT.BT (BT_CODE,BT_PRICE,BT_NAME) values ('no2','30000','일반자차2');
--------------------------------------------------------
--  DDL for Index BT_PK
--------------------------------------------------------

  CREATE UNIQUE INDEX "RENT"."BT_PK" ON "RENT"."BT" ("BT_CODE") 
  PCTFREE 10 INITRANS 2 MAXTRANS 255 COMPUTE STATISTICS 
  STORAGE(INITIAL 65536 NEXT 1048576 MINEXTENTS 1 MAXEXTENTS 2147483645
  PCTINCREASE 0 FREELISTS 1 FREELIST GROUPS 1 BUFFER_POOL DEFAULT FLASH_CACHE DEFAULT CELL_FLASH_CACHE DEFAULT)
  TABLESPACE "USERS" ;
--------------------------------------------------------
--  Constraints for Table BT
--------------------------------------------------------

  ALTER TABLE "RENT"."BT" ADD CONSTRAINT "BT_PK" PRIMARY KEY ("BT_CODE")
  USING INDEX PCTFREE 10 INITRANS 2 MAXTRANS 255 COMPUTE STATISTICS 
  STORAGE(INITIAL 65536 NEXT 1048576 MINEXTENTS 1 MAXEXTENTS 2147483645
  PCTINCREASE 0 FREELISTS 1 FREELIST GROUPS 1 BUFFER_POOL DEFAULT FLASH_CACHE DEFAULT CELL_FLASH_CACHE DEFAULT)
  TABLESPACE "USERS"  ENABLE;
  ALTER TABLE "RENT"."BT" MODIFY ("BT_NAME" NOT NULL ENABLE);
  ALTER TABLE "RENT"."BT" MODIFY ("BT_PRICE" NOT NULL ENABLE);
  ALTER TABLE "RENT"."BT" MODIFY ("BT_CODE" NOT NULL ENABLE);

--------------------------------------------------------
--  DDL for Table MEMBER
--------------------------------------------------------

  CREATE TABLE "RENT"."MEMBER" 
   (	"MEMBER_ID" VARCHAR2(20 BYTE), 
	"MEMBER_NAME" VARCHAR2(20 BYTE), 
	"MEMBER_PASSWORD" VARCHAR2(500 BYTE), 
	"MEMBER_LICENSE" VARCHAR2(30 BYTE), 
	"MEMBER_FADDR" VARCHAR2(100 BYTE), 
	"MEMBER_LADDR" VARCHAR2(100 BYTE), 
	"MEMBER_ZIPCODE" VARCHAR2(100 BYTE), 
	"MEMBER_PHONE" VARCHAR2(50 BYTE), 
	"MEMBER_YEAR" VARCHAR2(50 BYTE), 
	"MEMBER_EMAIL" VARCHAR2(50 BYTE)
   ) SEGMENT CREATION IMMEDIATE 
  PCTFREE 10 PCTUSED 40 INITRANS 1 MAXTRANS 255 NOCOMPRESS LOGGING
  STORAGE(INITIAL 65536 NEXT 1048576 MINEXTENTS 1 MAXEXTENTS 2147483645
  PCTINCREASE 0 FREELISTS 1 FREELIST GROUPS 1 BUFFER_POOL DEFAULT FLASH_CACHE DEFAULT CELL_FLASH_CACHE DEFAULT)
  TABLESPACE "USERS" ;

   COMMENT ON COLUMN "RENT"."MEMBER"."MEMBER_ID" IS '아이디';
   COMMENT ON COLUMN "RENT"."MEMBER"."MEMBER_NAME" IS '이름';
   COMMENT ON COLUMN "RENT"."MEMBER"."MEMBER_PASSWORD" IS '비밀번호';
   COMMENT ON COLUMN "RENT"."MEMBER"."MEMBER_LICENSE" IS '면허번호';
   COMMENT ON COLUMN "RENT"."MEMBER"."MEMBER_FADDR" IS '주소';
   COMMENT ON COLUMN "RENT"."MEMBER"."MEMBER_LADDR" IS '상세 주소';
   COMMENT ON COLUMN "RENT"."MEMBER"."MEMBER_ZIPCODE" IS '우편번호';
   COMMENT ON COLUMN "RENT"."MEMBER"."MEMBER_PHONE" IS '전화번호';
   COMMENT ON COLUMN "RENT"."MEMBER"."MEMBER_YEAR" IS '생년월일';
   COMMENT ON COLUMN "RENT"."MEMBER"."MEMBER_EMAIL" IS '이메일';
REM INSERTING into RENT.MEMBER
SET DEFINE OFF;
Insert into RENT.MEMBER (MEMBER_ID,MEMBER_NAME,MEMBER_PASSWORD,MEMBER_LICENSE,MEMBER_FADDR,MEMBER_LADDR,MEMBER_ZIPCODE,MEMBER_PHONE,MEMBER_YEAR,MEMBER_EMAIL) values ('test','test','ca2c70bc13298c5109ee0cb342d014906e6365249005fd4beee6f01aee44edb531231e98b50bf6810de6cf687882b09320fdd5f6375d1f2debd966fbf8d03efa','123','서울 중구 남대문로 109(다동, 국제빌딩)','test','04522','010-1111-1111','01/06/03','qwer@gmail.com');
Insert into RENT.MEMBER (MEMBER_ID,MEMBER_NAME,MEMBER_PASSWORD,MEMBER_LICENSE,MEMBER_FADDR,MEMBER_LADDR,MEMBER_ZIPCODE,MEMBER_PHONE,MEMBER_YEAR,MEMBER_EMAIL) values ('oneteam','관리자','ca2c70bc13298c5109ee0cb342d014906e6365249005fd4beee6f01aee44edb531231e98b50bf6810de6cf687882b09320fdd5f6375d1f2debd966fbf8d03efa','123123','부산 해운대구 APEC로 17(우동, 센텀리더스마크)','tester','48060','010-1111-1111','01/06/03','qwer@gmail.com');
Insert into RENT.MEMBER (MEMBER_ID,MEMBER_NAME,MEMBER_PASSWORD,MEMBER_LICENSE,MEMBER_FADDR,MEMBER_LADDR,MEMBER_ZIPCODE,MEMBER_PHONE,MEMBER_YEAR,MEMBER_EMAIL) values ('test44','이정미','a9c1a7d62f13b6b1f6bd0cae73a384237856af3f377de55e43b931429fdacd65b99ee4608feb4b7a705392f82bd01c510c4cace460470925a10294452ba4a046','dd','서울 강동구 아리수로 46(암사동)','dd','05237','010-4444-4444','01/06/03','qwer@gmail.com');
Insert into RENT.MEMBER (MEMBER_ID,MEMBER_NAME,MEMBER_PASSWORD,MEMBER_LICENSE,MEMBER_FADDR,MEMBER_LADDR,MEMBER_ZIPCODE,MEMBER_PHONE,MEMBER_YEAR,MEMBER_EMAIL) values ('test33','이재원','1f3c353f436a5df34ae32e889ad6c8938909a7beeff1803c922af1d5a466dfd5add2eeb284a7190d68f6b327c04e6e105b2bc570e998fdeb4b57eff890f4e49c','dd','서울 강동구 아리수로 46(암사동)','dd','05237','010-3333-3333','94/03/10','qwer@gmail.com');
Insert into RENT.MEMBER (MEMBER_ID,MEMBER_NAME,MEMBER_PASSWORD,MEMBER_LICENSE,MEMBER_FADDR,MEMBER_LADDR,MEMBER_ZIPCODE,MEMBER_PHONE,MEMBER_YEAR,MEMBER_EMAIL) values ('test55','김민호','3d7df2d4271ab9d3cbc9964997d5a94697d74ae28428b3b8d88ea0df12c73cb51f7b9829cd6b105dd3b7a62bf092fa2bf20ee1daee7b63f9c7f1fb9c81042649','5','전남 구례군 구례읍 5일시장작은길 3(봉동리)','55','57638','010-2122-2133','01/06/03','qwer@gmail.com');
Insert into RENT.MEMBER (MEMBER_ID,MEMBER_NAME,MEMBER_PASSWORD,MEMBER_LICENSE,MEMBER_FADDR,MEMBER_LADDR,MEMBER_ZIPCODE,MEMBER_PHONE,MEMBER_YEAR,MEMBER_EMAIL) values ('test66','이지훈','c115535d3af93c1d0486f4b73f1aac7cd0e084f3e189818f085e02bef4963c7d224efea279059433ef4667e44f2580659805e223fc678bfb052906ddd59f40a9','66','서울 송파구 가락로6길 3(석촌동)','666','05695','010-6666-6666','01/06/03','qwer@gmail.com');
Insert into RENT.MEMBER (MEMBER_ID,MEMBER_NAME,MEMBER_PASSWORD,MEMBER_LICENSE,MEMBER_FADDR,MEMBER_LADDR,MEMBER_ZIPCODE,MEMBER_PHONE,MEMBER_YEAR,MEMBER_EMAIL) values ('qwer','qwer','3d7df2d4271ab9d3cbc9964997d5a94697d74ae28428b3b8d88ea0df12c73cb51f7b9829cd6b105dd3b7a62bf092fa2bf20ee1daee7b63f9c7f1fb9c81042649','ffffff','서울 강서구 하늘길 38(방화동, 김포공항, 롯데몰, 스카이시티)','1111','07505','010-3333-3111','17/10/23','qwer@hanmail.net');
Insert into RENT.MEMBER (MEMBER_ID,MEMBER_NAME,MEMBER_PASSWORD,MEMBER_LICENSE,MEMBER_FADDR,MEMBER_LADDR,MEMBER_ZIPCODE,MEMBER_PHONE,MEMBER_YEAR,MEMBER_EMAIL) values ('sbm2651','김성진','5affe3b73198bc5147c89e12ca7cb66ed3b76c446e70b3bf170fc9594e0745da0c6838367c1dbb10ab8735c17132a3d6af967308abef93268b4970e3c7e66c67','1111111111111','대구 달성군 화원읍 류목정길 5(설화리)','55','42957','010-2912-9321','95/08/10','sbm2651@naver.com');
--------------------------------------------------------
--  DDL for Index MEMBER_PK
--------------------------------------------------------

  CREATE UNIQUE INDEX "RENT"."MEMBER_PK" ON "RENT"."MEMBER" ("MEMBER_ID") 
  PCTFREE 10 INITRANS 2 MAXTRANS 255 COMPUTE STATISTICS 
  STORAGE(INITIAL 65536 NEXT 1048576 MINEXTENTS 1 MAXEXTENTS 2147483645
  PCTINCREASE 0 FREELISTS 1 FREELIST GROUPS 1 BUFFER_POOL DEFAULT FLASH_CACHE DEFAULT CELL_FLASH_CACHE DEFAULT)
  TABLESPACE "USERS" ;
--------------------------------------------------------
--  Constraints for Table MEMBER
--------------------------------------------------------

  ALTER TABLE "RENT"."MEMBER" ADD CONSTRAINT "MEMBER_PK" PRIMARY KEY ("MEMBER_ID")
  USING INDEX PCTFREE 10 INITRANS 2 MAXTRANS 255 COMPUTE STATISTICS 
  STORAGE(INITIAL 65536 NEXT 1048576 MINEXTENTS 1 MAXEXTENTS 2147483645
  PCTINCREASE 0 FREELISTS 1 FREELIST GROUPS 1 BUFFER_POOL DEFAULT FLASH_CACHE DEFAULT CELL_FLASH_CACHE DEFAULT)
  TABLESPACE "USERS"  ENABLE;
  ALTER TABLE "RENT"."MEMBER" MODIFY ("MEMBER_EMAIL" NOT NULL ENABLE);
  ALTER TABLE "RENT"."MEMBER" MODIFY ("MEMBER_YEAR" NOT NULL ENABLE);
  ALTER TABLE "RENT"."MEMBER" MODIFY ("MEMBER_PHONE" NOT NULL ENABLE);
  ALTER TABLE "RENT"."MEMBER" MODIFY ("MEMBER_ZIPCODE" NOT NULL ENABLE);
  ALTER TABLE "RENT"."MEMBER" MODIFY ("MEMBER_LADDR" NOT NULL ENABLE);
  ALTER TABLE "RENT"."MEMBER" MODIFY ("MEMBER_FADDR" NOT NULL ENABLE);
  ALTER TABLE "RENT"."MEMBER" MODIFY ("MEMBER_LICENSE" NOT NULL ENABLE);
  ALTER TABLE "RENT"."MEMBER" MODIFY ("MEMBER_PASSWORD" NOT NULL ENABLE);
  ALTER TABLE "RENT"."MEMBER" MODIFY ("MEMBER_NAME" NOT NULL ENABLE);
  ALTER TABLE "RENT"."MEMBER" MODIFY ("MEMBER_ID" NOT NULL ENABLE);
--------------------------------------------------------
--  DDL for Table PRODUCT
--------------------------------------------------------

  CREATE TABLE "RENT"."PRODUCT" 
   (	"CATE_ID" VARCHAR2(20 BYTE), 
	"CATE_NAME" VARCHAR2(50 BYTE)
   ) SEGMENT CREATION IMMEDIATE 
  PCTFREE 10 PCTUSED 40 INITRANS 1 MAXTRANS 255 NOCOMPRESS LOGGING
  STORAGE(INITIAL 65536 NEXT 1048576 MINEXTENTS 1 MAXEXTENTS 2147483645
  PCTINCREASE 0 FREELISTS 1 FREELIST GROUPS 1 BUFFER_POOL DEFAULT FLASH_CACHE DEFAULT CELL_FLASH_CACHE DEFAULT)
  TABLESPACE "USERS" ;
REM INSERTING into RENT.PRODUCT
SET DEFINE OFF;
Insert into RENT.PRODUCT (CATE_ID,CATE_NAME) values ('IN20220926','인기차량');
Insert into RENT.PRODUCT (CATE_ID,CATE_NAME) values ('SO20220926','소/준중형');
Insert into RENT.PRODUCT (CATE_ID,CATE_NAME) values ('JO20220926','중형');
Insert into RENT.PRODUCT (CATE_ID,CATE_NAME) values ('DA20220926','대형');
Insert into RENT.PRODUCT (CATE_ID,CATE_NAME) values ('SU20220629','SUV/RV');
--------------------------------------------------------
--  DDL for Index PRODUCT_PK
--------------------------------------------------------

  CREATE UNIQUE INDEX "RENT"."PRODUCT_PK" ON "RENT"."PRODUCT" ("CATE_ID") 
  PCTFREE 10 INITRANS 2 MAXTRANS 255 COMPUTE STATISTICS 
  STORAGE(INITIAL 65536 NEXT 1048576 MINEXTENTS 1 MAXEXTENTS 2147483645
  PCTINCREASE 0 FREELISTS 1 FREELIST GROUPS 1 BUFFER_POOL DEFAULT FLASH_CACHE DEFAULT CELL_FLASH_CACHE DEFAULT)
  TABLESPACE "USERS" ;
--------------------------------------------------------
--  Constraints for Table PRODUCT
--------------------------------------------------------

  ALTER TABLE "RENT"."PRODUCT" ADD CONSTRAINT "PRODUCT_PK" PRIMARY KEY ("CATE_ID")
  USING INDEX PCTFREE 10 INITRANS 2 MAXTRANS 255 COMPUTE STATISTICS 
  STORAGE(INITIAL 65536 NEXT 1048576 MINEXTENTS 1 MAXEXTENTS 2147483645
  PCTINCREASE 0 FREELISTS 1 FREELIST GROUPS 1 BUFFER_POOL DEFAULT FLASH_CACHE DEFAULT CELL_FLASH_CACHE DEFAULT)
  TABLESPACE "USERS"  ENABLE;
  ALTER TABLE "RENT"."PRODUCT" MODIFY ("CATE_NAME" NOT NULL ENABLE);
  ALTER TABLE "RENT"."PRODUCT" MODIFY ("CATE_ID" NOT NULL ENABLE);
--------------------------------------------------------
--  DDL for Table PRODUCT_INFO
--------------------------------------------------------

  CREATE TABLE "RENT"."PRODUCT_INFO" 
   (	"CATE_ID" VARCHAR2(20 BYTE), 
	"PRD_DATE" DATE DEFAULT SYSDATE, 
	"PRD_NAME" VARCHAR2(50 BYTE), 
	"PRD_ID" VARCHAR2(20 BYTE), 
	"PRD_PRICE" NUMBER DEFAULT 0, 
	"PRD_IMG" VARCHAR2(200 BYTE), 
	"PRD_DELIVERY" NUMBER DEFAULT 0, 
	"PRD_STOCK" NUMBER DEFAULT 0, 
	"PRD_OPTION" VARCHAR2(100 BYTE) DEFAULT '없음', 
	"PRD_DISCOUNT" NUMBER DEFAULT 0, 
	"PRD_EXPLAIN" VARCHAR2(4000 BYTE) DEFAULT '등록된 차량 소개가 없습니다.'
   ) SEGMENT CREATION IMMEDIATE 
  PCTFREE 10 PCTUSED 40 INITRANS 1 MAXTRANS 255 NOCOMPRESS LOGGING
  STORAGE(INITIAL 65536 NEXT 1048576 MINEXTENTS 1 MAXEXTENTS 2147483645
  PCTINCREASE 0 FREELISTS 1 FREELIST GROUPS 1 BUFFER_POOL DEFAULT FLASH_CACHE DEFAULT CELL_FLASH_CACHE DEFAULT)
  TABLESPACE "USERS" ;

   COMMENT ON COLUMN "RENT"."PRODUCT_INFO"."CATE_ID" IS '카테고리번호_
FK';
   COMMENT ON COLUMN "RENT"."PRODUCT_INFO"."PRD_DATE" IS '등록일';
   COMMENT ON COLUMN "RENT"."PRODUCT_INFO"."PRD_NAME" IS '상품 이름';
   COMMENT ON COLUMN "RENT"."PRODUCT_INFO"."PRD_ID" IS '상품 번호';
   COMMENT ON COLUMN "RENT"."PRODUCT_INFO"."PRD_PRICE" IS '상품 가격';
   COMMENT ON COLUMN "RENT"."PRODUCT_INFO"."PRD_IMG" IS '차량 사진';
   COMMENT ON COLUMN "RENT"."PRODUCT_INFO"."PRD_DELIVERY" IS '배송비';
   COMMENT ON COLUMN "RENT"."PRODUCT_INFO"."PRD_STOCK" IS '재고';
   COMMENT ON COLUMN "RENT"."PRODUCT_INFO"."PRD_OPTION" IS '상품 옵션';
   COMMENT ON COLUMN "RENT"."PRODUCT_INFO"."PRD_DISCOUNT" IS '할인 금액';
REM INSERTING into RENT.PRODUCT_INFO
SET DEFINE OFF;
Insert into RENT.PRODUCT_INFO (CATE_ID,PRD_DATE,PRD_NAME,PRD_ID,PRD_PRICE,PRD_IMG,PRD_DELIVERY,PRD_STOCK,PRD_OPTION,PRD_DISCOUNT,PRD_EXPLAIN) values ('IN20220926',to_date('2022/10/26','RRRR/MM/DD'),'아반떼 CN7','1',60000,'resources/img/product/IN20220926/아반떼22.png',0,0,'없음',0,'휘발유 / 블루투스 / 후방감지 카메라');
Insert into RENT.PRODUCT_INFO (CATE_ID,PRD_DATE,PRD_NAME,PRD_ID,PRD_PRICE,PRD_IMG,PRD_DELIVERY,PRD_STOCK,PRD_OPTION,PRD_DISCOUNT,PRD_EXPLAIN) values ('JO20220926',to_date('2022/10/26','RRRR/MM/DD'),'K5','24',81000,'resources/img/product/JO20220926/1892795836k522.png',0,0,'없음',0,'휘발유 / 블루투스 / 후방감지 카메라');
Insert into RENT.PRODUCT_INFO (CATE_ID,PRD_DATE,PRD_NAME,PRD_ID,PRD_PRICE,PRD_IMG,PRD_DELIVERY,PRD_STOCK,PRD_OPTION,PRD_DISCOUNT,PRD_EXPLAIN) values ('IN20220926',to_date('2022/10/26','RRRR/MM/DD'),'레이','2',40000,'resources/img/product/IN20220926/레이21.png',0,0,'없음',0,'휘발유 / 블루투스 / 후방감지 카메라');
Insert into RENT.PRODUCT_INFO (CATE_ID,PRD_DATE,PRD_NAME,PRD_ID,PRD_PRICE,PRD_IMG,PRD_DELIVERY,PRD_STOCK,PRD_OPTION,PRD_DISCOUNT,PRD_EXPLAIN) values ('DA20220926',to_date('2022/10/26','RRRR/MM/DD'),'G80','80',130000,'resources/img/product/DA20220926/173008274g80.png',0,0,'없음',0,'휘발유 / 블루투스 / 후방감지 카메라');
Insert into RENT.PRODUCT_INFO (CATE_ID,PRD_DATE,PRD_NAME,PRD_ID,PRD_PRICE,PRD_IMG,PRD_DELIVERY,PRD_STOCK,PRD_OPTION,PRD_DISCOUNT,PRD_EXPLAIN) values ('SO20220926',to_date('2022/10/26','RRRR/MM/DD'),'레이','5',40000,'resources/img/product/SO20220926/레이21.png',0,0,'없음',0,'휘발유 / 블루투스 / 후방감지 카메라');
Insert into RENT.PRODUCT_INFO (CATE_ID,PRD_DATE,PRD_NAME,PRD_ID,PRD_PRICE,PRD_IMG,PRD_DELIVERY,PRD_STOCK,PRD_OPTION,PRD_DISCOUNT,PRD_EXPLAIN) values ('SO20220926',to_date('2022/10/26','RRRR/MM/DD'),'아반떼 CN7','77',60000,'resources/img/product/SO20220926/아반떼22.png',0,0,'없음',0,'휘발유 / 블루투스 / 후방감지 카메라');
Insert into RENT.PRODUCT_INFO (CATE_ID,PRD_DATE,PRD_NAME,PRD_ID,PRD_PRICE,PRD_IMG,PRD_DELIVERY,PRD_STOCK,PRD_OPTION,PRD_DISCOUNT,PRD_EXPLAIN) values ('SO20220926',to_date('2022/10/26','RRRR/MM/DD'),'K3','8',60000,'resources/img/product/SO20220926/k322.png',0,0,'없음',0,'휘발유 / 블루투스 / 후방감지 카메라');
Insert into RENT.PRODUCT_INFO (CATE_ID,PRD_DATE,PRD_NAME,PRD_ID,PRD_PRICE,PRD_IMG,PRD_DELIVERY,PRD_STOCK,PRD_OPTION,PRD_DISCOUNT,PRD_EXPLAIN) values ('JO20220926',to_date('2022/10/26','RRRR/MM/DD'),'쏘나타 22년형','10',80000,'resources/img/product/JO20220926/쏘나타22.png',0,0,'없음',0,'휘발유 / 블루투스 / 후방감지 카메라');
Insert into RENT.PRODUCT_INFO (CATE_ID,PRD_DATE,PRD_NAME,PRD_ID,PRD_PRICE,PRD_IMG,PRD_DELIVERY,PRD_STOCK,PRD_OPTION,PRD_DISCOUNT,PRD_EXPLAIN) values ('JO20220926',to_date('2022/10/26','RRRR/MM/DD'),'쏘나타 18년형','11',70000,'resources/img/product/JO20220926/쏘나타18.png',0,0,'없음',0,'LPG / 블루투스 / 후방감지 카메라');
Insert into RENT.PRODUCT_INFO (CATE_ID,PRD_DATE,PRD_NAME,PRD_ID,PRD_PRICE,PRD_IMG,PRD_DELIVERY,PRD_STOCK,PRD_OPTION,PRD_DISCOUNT,PRD_EXPLAIN) values ('JO20220926',to_date('2022/10/26','RRRR/MM/DD'),'스팅어','12',90000,'resources/img/product/JO20220926/스팅어.png',0,0,'없음',0,'휘발유 / 블루투스 / 후방감지 카메라');
Insert into RENT.PRODUCT_INFO (CATE_ID,PRD_DATE,PRD_NAME,PRD_ID,PRD_PRICE,PRD_IMG,PRD_DELIVERY,PRD_STOCK,PRD_OPTION,PRD_DISCOUNT,PRD_EXPLAIN) values ('DA20220926',to_date('2022/10/26','RRRR/MM/DD'),'K7','13',100000,'resources/img/product/DA20220926/k7.png',0,0,'없음',0,'휘발유 / 블루투스 / 후방감지 카메라');
Insert into RENT.PRODUCT_INFO (CATE_ID,PRD_DATE,PRD_NAME,PRD_ID,PRD_PRICE,PRD_IMG,PRD_DELIVERY,PRD_STOCK,PRD_OPTION,PRD_DISCOUNT,PRD_EXPLAIN) values ('DA20220926',to_date('2022/10/26','RRRR/MM/DD'),'K8','14',110000,'resources/img/product/DA20220926/k8.png',0,0,'없음',0,'휘발유 / 블루투스 / 후방감지 카메라');
Insert into RENT.PRODUCT_INFO (CATE_ID,PRD_DATE,PRD_NAME,PRD_ID,PRD_PRICE,PRD_IMG,PRD_DELIVERY,PRD_STOCK,PRD_OPTION,PRD_DISCOUNT,PRD_EXPLAIN) values ('SU20220629',to_date('2022/10/26','RRRR/MM/DD'),'GV70','17',130000,'resources/img/product/SU20220629/gv70.png',0,0,'없음',0,'휘발유 / 블루투스 / 후방감지 카메라');
Insert into RENT.PRODUCT_INFO (CATE_ID,PRD_DATE,PRD_NAME,PRD_ID,PRD_PRICE,PRD_IMG,PRD_DELIVERY,PRD_STOCK,PRD_OPTION,PRD_DISCOUNT,PRD_EXPLAIN) values ('SU20220629',to_date('2022/10/26','RRRR/MM/DD'),'GV80','18',140000,'resources/img/product/SU20220629/gv80.png',0,0,'없음',0,'경유 / 블루투스 / 후방감지 카메라');
Insert into RENT.PRODUCT_INFO (CATE_ID,PRD_DATE,PRD_NAME,PRD_ID,PRD_PRICE,PRD_IMG,PRD_DELIVERY,PRD_STOCK,PRD_OPTION,PRD_DISCOUNT,PRD_EXPLAIN) values ('SU20220629',to_date('2022/10/26','RRRR/MM/DD'),'쏘렌토','19',144000,'resources/img/product/SU20220629/쏘렌토.png',0,0,'없음',0,'경유 / 블루투스 / 후방감지 카메라');
Insert into RENT.PRODUCT_INFO (CATE_ID,PRD_DATE,PRD_NAME,PRD_ID,PRD_PRICE,PRD_IMG,PRD_DELIVERY,PRD_STOCK,PRD_OPTION,PRD_DISCOUNT,PRD_EXPLAIN) values ('SU20220629',to_date('2022/10/26','RRRR/MM/DD'),'팰리세이드','20',146000,'resources/img/product/SU20220629/팰리세이드.png',0,0,'없음',0,'경유 / 블루투스 / 후방감지 카메라');
Insert into RENT.PRODUCT_INFO (CATE_ID,PRD_DATE,PRD_NAME,PRD_ID,PRD_PRICE,PRD_IMG,PRD_DELIVERY,PRD_STOCK,PRD_OPTION,PRD_DISCOUNT,PRD_EXPLAIN) values ('SU20220629',to_date('2022/10/26','RRRR/MM/DD'),'카니발 20년형','21',160000,'resources/img/product/SU20220629/카니발20.png',0,0,'없음',0,'경유 / 블루투스 / 후방감지 카메라');
Insert into RENT.PRODUCT_INFO (CATE_ID,PRD_DATE,PRD_NAME,PRD_ID,PRD_PRICE,PRD_IMG,PRD_DELIVERY,PRD_STOCK,PRD_OPTION,PRD_DISCOUNT,PRD_EXPLAIN) values ('SU20220629',to_date('2022/10/26','RRRR/MM/DD'),'스타리아','23',165000,'resources/img/product/SU20220629/스타렉스.png',0,0,'없음',0,'LPG / 블루투스 / 후방감지 카메라');
Insert into RENT.PRODUCT_INFO (CATE_ID,PRD_DATE,PRD_NAME,PRD_ID,PRD_PRICE,PRD_IMG,PRD_DELIVERY,PRD_STOCK,PRD_OPTION,PRD_DISCOUNT,PRD_EXPLAIN) values ('IN20220926',to_date('2022/10/26','RRRR/MM/DD'),'카니발 20년형','25',160000,'resources/img/product/SU20220629/카니발20.png',0,0,'없음',0,'경유 / 블루투스 / 후방감지 카메라');
Insert into RENT.PRODUCT_INFO (CATE_ID,PRD_DATE,PRD_NAME,PRD_ID,PRD_PRICE,PRD_IMG,PRD_DELIVERY,PRD_STOCK,PRD_OPTION,PRD_DISCOUNT,PRD_EXPLAIN) values ('IN20220926',to_date('2022/10/26','RRRR/MM/DD'),'K3','3',60000,'resources/img/product/SO20220926/k322.png',0,0,'없음',0,'휘발유 / 블루투스 / 후방감지 카메라');
--------------------------------------------------------
--  Constraints for Table PRODUCT_INFO
--------------------------------------------------------

  ALTER TABLE "RENT"."PRODUCT_INFO" MODIFY ("PRD_DISCOUNT" NOT NULL ENABLE);
  ALTER TABLE "RENT"."PRODUCT_INFO" MODIFY ("PRD_OPTION" NOT NULL ENABLE);
  ALTER TABLE "RENT"."PRODUCT_INFO" MODIFY ("PRD_STOCK" NOT NULL ENABLE);
  ALTER TABLE "RENT"."PRODUCT_INFO" MODIFY ("PRD_DELIVERY" NOT NULL ENABLE);
  ALTER TABLE "RENT"."PRODUCT_INFO" MODIFY ("PRD_PRICE" NOT NULL ENABLE);
  ALTER TABLE "RENT"."PRODUCT_INFO" MODIFY ("PRD_DATE" NOT NULL ENABLE);
  ALTER TABLE "RENT"."PRODUCT_INFO" MODIFY ("PRD_EXPLAIN" NOT NULL ENABLE);
  ALTER TABLE "RENT"."PRODUCT_INFO" MODIFY ("PRD_IMG" NOT NULL ENABLE);
  ALTER TABLE "RENT"."PRODUCT_INFO" MODIFY ("PRD_ID" NOT NULL ENABLE);
  ALTER TABLE "RENT"."PRODUCT_INFO" MODIFY ("PRD_NAME" NOT NULL ENABLE);
  ALTER TABLE "RENT"."PRODUCT_INFO" MODIFY ("CATE_ID" NOT NULL ENABLE);
--------------------------------------------------------
--  DDL for Table PRODUCT_PAYMENT
--------------------------------------------------------

  CREATE TABLE "RENT"."PRODUCT_PAYMENT" 
   (	"PAYMENT_ID" NUMBER, 
	"MEMBER_ID" VARCHAR2(20 BYTE), 
	"PRD_ID" VARCHAR2(20 BYTE), 
	"BUY_QUANTITY" NUMBER DEFAULT 1, 
	"MEMBER_ZIPCODE" VARCHAR2(20 BYTE), 
	"MEMBER_FADDR" VARCHAR2(350 BYTE), 
	"MEMBER_LADDR" VARCHAR2(350 BYTE), 
	"MEMBER_PHONE" VARCHAR2(20 BYTE), 
	"CREDIT_NUMBER" VARCHAR2(20 BYTE), 
	"PAYMENT_DATE" DATE DEFAULT SYSDATE, 
	"PRD_OPT" VARCHAR2(20 BYTE), 
	"DELIVERY" VARCHAR2(20 BYTE) DEFAULT 0, 
	"PRD_SUM" NUMBER DEFAULT 0
   ) SEGMENT CREATION IMMEDIATE 
  PCTFREE 10 PCTUSED 40 INITRANS 1 MAXTRANS 255 NOCOMPRESS LOGGING
  STORAGE(INITIAL 65536 NEXT 1048576 MINEXTENTS 1 MAXEXTENTS 2147483645
  PCTINCREASE 0 FREELISTS 1 FREELIST GROUPS 1 BUFFER_POOL DEFAULT FLASH_CACHE DEFAULT CELL_FLASH_CACHE DEFAULT)
  TABLESPACE "USERS" ;

   COMMENT ON COLUMN "RENT"."PRODUCT_PAYMENT"."PAYMENT_ID" IS '결제번호';
   COMMENT ON COLUMN "RENT"."PRODUCT_PAYMENT"."MEMBER_ID" IS '회원아이디';
   COMMENT ON COLUMN "RENT"."PRODUCT_PAYMENT"."PRD_ID" IS '상품번호';
   COMMENT ON COLUMN "RENT"."PRODUCT_PAYMENT"."BUY_QUANTITY" IS '수량';
   COMMENT ON COLUMN "RENT"."PRODUCT_PAYMENT"."MEMBER_ZIPCODE" IS '우편번호';
   COMMENT ON COLUMN "RENT"."PRODUCT_PAYMENT"."MEMBER_FADDR" IS '주소';
   COMMENT ON COLUMN "RENT"."PRODUCT_PAYMENT"."MEMBER_LADDR" IS '상세주소';
   COMMENT ON COLUMN "RENT"."PRODUCT_PAYMENT"."MEMBER_PHONE" IS '전화번호';
   COMMENT ON COLUMN "RENT"."PRODUCT_PAYMENT"."CREDIT_NUMBER" IS '카드번호';
   COMMENT ON COLUMN "RENT"."PRODUCT_PAYMENT"."PRD_OPT" IS '상품옵션';
   COMMENT ON COLUMN "RENT"."PRODUCT_PAYMENT"."DELIVERY" IS '배송료';
   COMMENT ON COLUMN "RENT"."PRODUCT_PAYMENT"."PRD_SUM" IS '결제금액';
REM INSERTING into RENT.PRODUCT_PAYMENT
SET DEFINE OFF;
Insert into RENT.PRODUCT_PAYMENT (PAYMENT_ID,MEMBER_ID,PRD_ID,BUY_QUANTITY,MEMBER_ZIPCODE,MEMBER_FADDR,MEMBER_LADDR,MEMBER_PHONE,CREDIT_NUMBER,PAYMENT_DATE,PRD_OPT,DELIVERY,PRD_SUM) values (165,'test','3',1,'04522','서울 중구 남대문로 109(다동, 국제빌딩)','test','010-1-1','3-3-3-3',to_date('2022/10/03','RRRR/MM/DD'),'완전자차','0',130000);
Insert into RENT.PRODUCT_PAYMENT (PAYMENT_ID,MEMBER_ID,PRD_ID,BUY_QUANTITY,MEMBER_ZIPCODE,MEMBER_FADDR,MEMBER_LADDR,MEMBER_PHONE,CREDIT_NUMBER,PAYMENT_DATE,PRD_OPT,DELIVERY,PRD_SUM) values (164,'test44','3',1,'05237','서울 강동구 아리수로 46(암사동)','dd','010-3333-3333','4-4-4-4',to_date('2022/10/11','RRRR/MM/DD'),'완전자차','0',130000);
Insert into RENT.PRODUCT_PAYMENT (PAYMENT_ID,MEMBER_ID,PRD_ID,BUY_QUANTITY,MEMBER_ZIPCODE,MEMBER_FADDR,MEMBER_LADDR,MEMBER_PHONE,CREDIT_NUMBER,PAYMENT_DATE,PRD_OPT,DELIVERY,PRD_SUM) values (166,'test','13',1,'04522','서울 중구 남대문로 109(다동, 국제빌딩)','test','010-1111-1111','1-1-1-1',to_date('2022/10/11','RRRR/MM/DD'),'완전자차','0',170000);
Insert into RENT.PRODUCT_PAYMENT (PAYMENT_ID,MEMBER_ID,PRD_ID,BUY_QUANTITY,MEMBER_ZIPCODE,MEMBER_FADDR,MEMBER_LADDR,MEMBER_PHONE,CREDIT_NUMBER,PAYMENT_DATE,PRD_OPT,DELIVERY,PRD_SUM) values (167,'test33','3',1,'05237','서울 강동구 아리수로 46(암사동)','dd','010-3333-3333','3-3-3-3',to_date('2022/10/11','RRRR/MM/DD'),'완전자차','0',130000);
Insert into RENT.PRODUCT_PAYMENT (PAYMENT_ID,MEMBER_ID,PRD_ID,BUY_QUANTITY,MEMBER_ZIPCODE,MEMBER_FADDR,MEMBER_LADDR,MEMBER_PHONE,CREDIT_NUMBER,PAYMENT_DATE,PRD_OPT,DELIVERY,PRD_SUM) values (201,'qwer','77',0,'07505','서울 강서구 하늘길 38(방화동, 김포공항, 롯데몰, 스카이시티)','1111','010-3333-3111','2222-1111-1111-1111',to_date('2022/10/12','RRRR/MM/DD'),'일반자차1','0',230000);
Insert into RENT.PRODUCT_PAYMENT (PAYMENT_ID,MEMBER_ID,PRD_ID,BUY_QUANTITY,MEMBER_ZIPCODE,MEMBER_FADDR,MEMBER_LADDR,MEMBER_PHONE,CREDIT_NUMBER,PAYMENT_DATE,PRD_OPT,DELIVERY,PRD_SUM) values (202,'qwer','77',3,'07505','서울 강서구 하늘길 38(방화동, 김포공항, 롯데몰, 스카이시티)','1111','010-3333-3111','1111-1122-2222-3333',to_date('2022/10/12','RRRR/MM/DD'),'일반자차1','0',230000);
Insert into RENT.PRODUCT_PAYMENT (PAYMENT_ID,MEMBER_ID,PRD_ID,BUY_QUANTITY,MEMBER_ZIPCODE,MEMBER_FADDR,MEMBER_LADDR,MEMBER_PHONE,CREDIT_NUMBER,PAYMENT_DATE,PRD_OPT,DELIVERY,PRD_SUM) values (203,'qwer','25',3,'07505','서울 강서구 하늘길 38(방화동, 김포공항, 롯데몰, 스카이시티)','1111','010-3333-6774','1212-1232-4123-4235',to_date('2022/10/12','RRRR/MM/DD'),'일반자차1','0',530000);
--------------------------------------------------------
--  DDL for Index PRODUCT_PAYMENT_PK
--------------------------------------------------------

  CREATE UNIQUE INDEX "RENT"."PRODUCT_PAYMENT_PK" ON "RENT"."PRODUCT_PAYMENT" ("PAYMENT_ID") 
  PCTFREE 10 INITRANS 2 MAXTRANS 255 COMPUTE STATISTICS 
  STORAGE(INITIAL 65536 NEXT 1048576 MINEXTENTS 1 MAXEXTENTS 2147483645
  PCTINCREASE 0 FREELISTS 1 FREELIST GROUPS 1 BUFFER_POOL DEFAULT FLASH_CACHE DEFAULT CELL_FLASH_CACHE DEFAULT)
  TABLESPACE "USERS" ;
--------------------------------------------------------
--  Constraints for Table PRODUCT_PAYMENT
--------------------------------------------------------

  ALTER TABLE "RENT"."PRODUCT_PAYMENT" MODIFY ("DELIVERY" NOT NULL ENABLE);
  ALTER TABLE "RENT"."PRODUCT_PAYMENT" ADD CONSTRAINT "PRODUCT_PAYMENT_PK" PRIMARY KEY ("PAYMENT_ID")
  USING INDEX PCTFREE 10 INITRANS 2 MAXTRANS 255 COMPUTE STATISTICS 
  STORAGE(INITIAL 65536 NEXT 1048576 MINEXTENTS 1 MAXEXTENTS 2147483645
  PCTINCREASE 0 FREELISTS 1 FREELIST GROUPS 1 BUFFER_POOL DEFAULT FLASH_CACHE DEFAULT CELL_FLASH_CACHE DEFAULT)
  TABLESPACE "USERS"  ENABLE;
  ALTER TABLE "RENT"."PRODUCT_PAYMENT" MODIFY ("PRD_SUM" NOT NULL ENABLE);
  ALTER TABLE "RENT"."PRODUCT_PAYMENT" MODIFY ("PAYMENT_DATE" NOT NULL ENABLE);
  ALTER TABLE "RENT"."PRODUCT_PAYMENT" MODIFY ("CREDIT_NUMBER" NOT NULL ENABLE);
  ALTER TABLE "RENT"."PRODUCT_PAYMENT" MODIFY ("MEMBER_PHONE" NOT NULL ENABLE);
  ALTER TABLE "RENT"."PRODUCT_PAYMENT" MODIFY ("MEMBER_LADDR" NOT NULL ENABLE);
  ALTER TABLE "RENT"."PRODUCT_PAYMENT" MODIFY ("MEMBER_FADDR" NOT NULL ENABLE);
  ALTER TABLE "RENT"."PRODUCT_PAYMENT" MODIFY ("MEMBER_ZIPCODE" NOT NULL ENABLE);
  ALTER TABLE "RENT"."PRODUCT_PAYMENT" MODIFY ("BUY_QUANTITY" NOT NULL ENABLE);
  ALTER TABLE "RENT"."PRODUCT_PAYMENT" MODIFY ("PRD_ID" NOT NULL ENABLE);
  ALTER TABLE "RENT"."PRODUCT_PAYMENT" MODIFY ("MEMBER_ID" NOT NULL ENABLE);
  ALTER TABLE "RENT"."PRODUCT_PAYMENT" MODIFY ("PAYMENT_ID" NOT NULL ENABLE);
  ALTER TABLE "RENT"."PRODUCT_PAYMENT" MODIFY ("PRD_OPT" NOT NULL ENABLE);

